{"eval_ret": -14215.482329556206, "_runtime": 10.20689058303833, "_timestamp": 1585907952.0628529, "_step": 4608}
