{"_timestamp": 1585908347.2120812, "_runtime": 466.23727655410767, "_step": 219776, "eval_ret": -41399.59960827134}
