{"_runtime": 483.8126459121704, "_timestamp": 1585908471.2625678, "_step": 219776, "eval_ret": -8509.64856492356}
