{"_timestamp": 1585908458.5619922, "_runtime": 469.94269037246704, "_step": 219776, "eval_ret": -8683.210723447028}
