{"_timestamp": 1585907969.566427, "_step": 21504, "eval_ret": 1815.417988527882, "_runtime": 41.23106861114502}
