{"eval_ret": -16936.997070515667, "_step": 2688, "_runtime": 6.751665353775024, "_timestamp": 1585907968.9229143}
