{"_runtime": 498.2777018547058, "eval_ret": -12321.173463469127, "_timestamp": 1585908482.2608578, "_step": 219776}
